n_harvest,washout,learning_rate_c,beta_W_out,beta_G,beta_D,aperture,spectral_radius,N,M,n_adapt,W_sr,W_sparseness,d_dim,F_method,signal_dim,G_method,pattern 0 mean,pattern 0 std,pattern 1 mean,pattern 1 std,pattern 2 mean,pattern 2 std,pattern 3 mean,pattern 3 std,n_rep
400,500,0.5,0.01,1,0.01,8,1.4,100,500,2000,1.5,0.1,sig_dim,random,1,random,0.5199498652580913,0.23900664794212972,0.3580885167540768,0.1777491186561904,0.4001021254847241,0.246394104675539,0.7092905445443837,0.45616051951642766,10
400,500,0.5,0.01,1,0.01,8,1.4,100,500,2000,1.5,0.1,sig_dim,random,1,F,0.022967505602795348,0.05964912821079808,0.02127851478289787,0.04712910129886021,0.19197415451306865,0.20515369646030948,0.626715354544149,1.0398610207126848,10
400,500,0.5,0.01,1,0.01,8,1.4,100,500,2000,1.5,0.1,sig_dim,random,1,W_F,0.04594610014386976,0.05664558498586301,0.06004634225026078,0.051450250285304346,0.1779303811253477,0.17498009421433208,0.15844593217146677,0.5443375248703296,10
400,500,0.5,0.01,1,0.01,8,1.4,100,500,2000,1.5,0.1,sig_dim,white_noise,1,W_F,0.05722740104588094,0.05821035825734516,0.029342135974496617,0.04494568878158254,0.35199520779578375,0.42079212852374653,0.5588935139679092,0.4874306144412097,10
400,500,0.5,0.01,1,0.01,8,1.4,100,500,2000,1.5,0.1,sig_dim,white_noise,1,W_G_tilde,0.019534456025772255,0.03760066166993422,0.01501895408182212,0.03062587942348758,0.5376229842637584,0.7391194634675902,1.2115122766009696,1.1573050845430022,10
400,500,0.5,0.01,1,0.01,8,1.4,100,500,2000,1.5,0.1,sig_dim,patterns,1,W_F,0.5603956764648776,0.5241099501719233,0.22297660412741382,0.26277368053438094,1.6099664161556053,1.5284403778155349,0.5774378127670592,1.1622474211100822,10
400,500,0.5,0.01,1,0.01,8,1.4,100,500,2000,1.5,0.1,sig_dim,patterns,1,W_G_tilde,0.4674102708735769,0.29402105216850455,0.39301222116895074,0.28093426884710854,0.3853788529877254,0.8507568268932575,0.49915161475400205,0.5774599542504613,10
