n_harvest,washout,learning_rate_c,beta_W_out,beta_G,beta_D,aperture,spectral_radius,N,M,n_adapt,W_sr,W_sparseness,d_dim,F_method,signal_dim,G_method,pattern 0,pattern 1,pattern 2,pattern 3,n_rep
400,500,0.5,0.01,1,0.01,8,1.4,100,500,2000,1.5,0.1,reservoir_dim,random,1,random,0.11370190852192943,0.06382226981500758,0.08797834483383024,0.0012699526066782998,1
400,500,0.5,0.01,1,0.01,8,1.4,100,500,2000,1.5,0.1,reservoir_dim,random,1,F,0.07885421055290465,0.3033504617746662,0.9421109838441734,1.0461938635934531,1
400,500,0.5,0.01,1,0.01,8,1.4,100,500,2000,1.5,0.1,reservoir_dim,random,1,W_F,0.12058222379131055,0.06703899623218611,1.3599449184691903,0.7223826516494147,1
400,500,0.5,0.01,1,0.01,8,1.4,100,500,2000,1.5,0.1,reservoir_dim,white_noise,1,W_F,0.01811272193558461,0.025421594931142696,0.5225301361381597,0.03920362002369462,1
400,500,0.5,0.01,1,0.01,8,1.4,100,500,2000,1.5,0.1,reservoir_dim,white_noise,1,W_G_tilde,0.013454578242428924,0.030293313056743165,0.190660121521983,1.8456482967462375,1
400,500,0.5,0.01,1,0.01,8,1.4,100,500,2000,1.5,0.1,reservoir_dim,patterns,1,W_F,0.09987714331942078,0.09183247673208726,2.285963847673139,2.090429577973348,1
400,500,0.5,0.01,1,0.01,8,1.4,100,500,2000,1.5,0.1,reservoir_dim,patterns,1,W_G_tilde,0.21420271339628308,0.12622350587846287,1.0428263898266077,1.6394365056125204,1
